{
    "LogisticRegression": {
        "accuracy": 0.814468085106383,
        "precision": 0.6580310880829016,
        "recall": 0.4551971326164875,
        "f1": 0.538135593220339,
        "roc_auc": 0.8477062532002049,
        "cv_f1_mean": 0.5496884378500175
    },
    "RandomForest": {
        "accuracy": 0.811063829787234,
        "precision": 0.6507936507936508,
        "recall": 0.44086021505376344,
        "f1": 0.5256410256410257,
        "roc_auc": 0.8140921018945211,
        "cv_f1_mean": 0.49039540859472375
    },
    "XGBoost": {
        "accuracy": 0.8051063829787234,
        "precision": 0.6190476190476191,
        "recall": 0.4659498207885305,
        "f1": 0.5316973415132924,
        "roc_auc": 0.8247627848182284,
        "cv_f1_mean": 0.5125745506941362
    },
    "NeuralNetwork": {
        "accuracy": 0.8102127659574468,
        "precision": 0.6428571428571429,
        "recall": 0.45161290322580644,
        "f1": 0.5305263157894737,
        "roc_auc": 0.8424339157706092,
        "cv_f1_mean": 0.5537873824943005
    }
}